,tag,name,nameColor,icon,trophies,rank,club
0,#2QG8L0JVC,ZR|Wati,0xff1ba5f5,28000135,56070,1,
1,#PL8890RG,Главный vitaляض,0xff4ddba2,28000021,55301,2,
2,#8C0LRPLL,Star💫ᴬᵖᵉˣ×͜×,0xfff9c908,28000341,50433,3,★₮ĦɆ ₱Ⱡ₳¥ɆɌ$☆
3,#80VJY2R9Q,™ MeLonTi ™,0xffff9727,28000090,49048,4,<c7>KTG</c>
4,#8JQP2LPL9,тимоша нагибоша,0xfff9c908,28000247,48020,5,
5,#88QP9CJ0R,𝔊𝔯𝔦𝔪𝔢𝔰,0xff4ddba2,28000246,47703,6,SK RUSSIA
6,#RJLL9U2P,★彡𝒗๏𝒿c𝖎𝒏о彡★,0xfff05637,28000252,47587,7,
7,#8JJ998RLC,креш,0xff1ba5f5,28000284,45576,8,GopaSq
8,#8PGJLPR9Y,☆Omurbek☆|[777],0xffa2e3fe,28000014,45551,9,Dragonika
9,#80L89LRLR,Andrey@,0xfff05637,28000271,44994,10,
10,#9YY0QUYG2,Maxti,0xffffffff,28000347,44935,11,Dark Ghost
11,#80G28Y98J,𝙁𝘿|₲ꝊŁĐɆꞤ(:🖤,0xfff9c908,28000132,44551,12,Dark team
12,#LCRUR8UJU,PRG |patC,0xff1ba5f5,28000128,44357,13,
13,#Y2C98CJGY,Муратов Артём,0xffa2e3fe,28000037,43833,14,Снайпер SVD
14,#2V29VRC0Y,🔱|☆Angelo☆|💦,0xffffffff,28000219,42998,15,The Chosen Ones
15,#L9CVRQ20Q,bob,0xffa2e3fe,28000033,42965,16,brawl stara gem
16,#9QCL2Y28Q,Ale@sport,0xfff9c908,28000312,42816,17,Black Shark
17,#8R0VUGUGG,SK | ZONER,0xffcb5aff,28000332,42582,18,мефчик
18,#8VVQ9PP22,스트레스유발암브롤,0xffa2e3fe,28000305,42525,19,판타스틱ㄱㅇ클럽
19,#Y20V9J9RY,Изи лега,0xffcb5aff,28000293,42453,20,rukablud
20,#9RL9PLQ8,BY|Listo4ek,0xff1ba5f5,28000024,41816,21,SHPANISQUAD
21,#9GJY0PPPL,АРСЕНИЙ,0xff4ddba2,28000253,41565,22,про777
22,#VGLVC829,-Оверфлоу,0xff1ba5f5,28000017,40998,23,
23,#YG2YGJCYP,KoTe4Ka,0xffcb5aff,28000219,40958,24,Emerald Legion
24,#YU8UL9GQU,mzzz,0xffffffff,28000263,40951,25,✨Антарес✨
25,#L0Q089CJV,feyzullahomar,0xffa2e3fe,28000168,40827,26,ASTRON Lyra
26,#298PR8RUQ,Gɧͥo͎ꜱͣtͫy𝟨𝟦,0xffcb5aff,28000207,40688,27,L’OASIS CLUB🌴
27,#98GVGPVL2,^^^^^^^,0xffffffff,28000288,40575,28,Ang|Top🥀
28,#PP8VJVRY9,Run Gun,0xfff9c908,28000305,40501,29,les DZ
29,#VPLPYVRJ,🚫QLS Никитa♠,0xff1ba5f5,28000349,40272,30,волейболисты
30,#PV8UPR9GU,BIC | MP3O🐣🥀,0xffffce89,28000164,40201,31,Ben Igor CLUB
31,#90RU82PQU,Dark Cool,0xffff9727,28000079,40187,32,ПУТЬ ДВАЧЕРА
32,#8GYL8UPVU,ГРОМ РАЗРУШИТЕЛ,0xffcb5aff,28000228,39638,33,
33,#82PJ2QVV2,⛩️༺Leͥgeͣnͫd ⛩️,0xffff8afb,28000064,39369,34,Dolphin League
34,#JLUQQPRQ,•ŝñøŵŀy?🤕,0xffcb5aff,28000132,39356,35,
35,#P0P2Q9GQV,QLS|☔Grailon🔥,0xff4ddba2,28000000,39311,36,нравится скамит
36,#8Q2CGUUL8,納哈 | Predator🥀,0xffa8e132,28000184,39307,37,
37,#L9298GGCL,TT_fintik🥀,0xff4ddba2,28000135,39185,38,Ukraine🇺🇦
38,#2J8RC0R82,ne_opoznanniy,0xfff9c908,28000132,39053,39,Мирон топ🦇
39,#82G0Y9CU8,galandski,0xffa2e3fe,28000168,39031,40,ПУШИКИ
40,#8UCYQL8CP,♡UwU♡,0xffcb5aff,28000332,39003,41,банда кроу
41,#8QGUG8CU0,h5h15,0xffa8e132,28000101,38729,42,Яйца черепахи
42,#8V0P82RLV,YT|Vinke_BS,0xff1ba5f5,28000139,38389,43,LayanYT
43,#9G29JQQ80,Саша2009,0xffa8e132,28000228,38381,44,сумосбродные
44,#LUY2QUGV0,Ало,0xffff9727,28000247,38282,45,France Brawl
45,#9YC0J22CV,⚜️RADIANCE⚜️,0xfff9c908,28000073,38071,46,
46,#P989GC9UR,VOVA,0xffa2e3fe,28000333,37995,47,МАЗУРЕНКО ЯРИК
47,#VVCRRGGG,<c4>MяCнИk</c>,0xff1ba5f5,28000273,37995,48,тупой способ
48,#P0V9222C9,DAMINATOR,0xfff9c908,28000348,37995,49,
49,#80222G8JG,Z̸0¦k̸r̸o̸n̸o̸s,0xffcb5aff,28000128,37954,50,ХЛОПЦІ ОЛІГАРХИ
50,#9RJY228LY,SK|Itachi,0xffcb5aff,28000135,37946,51,CLASSIC
51,#LUUQPJJ0,général taboulé,0xffa8e132,28000033,37800,52,
52,#2RRRRRUP9,모티스,0xff1ba5f5,28000081,37795,53,행복
53,#P8PRYYRLG,kaka,0xffa8e132,28000333,37639,54,Septhasie
54,#9P8PRPGGU,[Блет]_Граф_,0xffa2e3fe,28000166,37573,55,
55,#80CQG2LLL,『♡︎Aquila99🖤☬』,0xfff9c908,28000171,37551,56,
56,#8CLUG9UUL,🥰СанАндроид🥰,0xff1ba5f5,28000020,37443,57,Клуб Романтики
57,#2LCJ9CYU8,heldy,0xffffffff,28000057,37397,58,Муром.
58,#220V9J0VU,あああ,0xffffffff,28000033,37285,59,
59,#P228CPCRJ,конфета,0xfff05637,28000247,37125,60,MM|CLUB
60,#8VUP0P09,[ПОТ] ПУПОЗЗИ,0xffa8e132,28000221,37116,61,
61,#L2R2LLL2V,Ziomecki™,0xffcb5aff,28000125,36979,62,TEAM BURZA⚡
62,#9YQYRQJPP,[жмих]Barcyk228,0xffcb5aff,28000231,36859,63,STeel Rats
63,#9CYJQJ8QC,читер777,0xff1ba5f5,28000335,36800,64,
64,#990PQ2LYQ,ЧИТЕР777,0xffffffff,28000037,36798,65,клуб мирзо
65,#2GP8JL980,rayane YT,0xffa8e132,28000219,36772,66,G.W.W.9
66,#8RJU9PUYY,OLS/topers:37,0xff1ba5f5,28000274,36722,67,Kunzites
67,#Y0UVL9C8,Hectoloco,0xffcb5aff,28000335,36707,68,JOKER³ 🃏
68,#8QG80U8UQ,Dom The Hunter,0xfff05637,28000272,36583,69,BCM|XO’WES 1
69,#8YP00R8R8,Боец,0xfff9c908,28000175,36542,70,WhiteDLQ33
70,#8V092VRC2,Brawl Man Yt,0xffa8e132,28000229,36538,71,
71,#90YJYJ0R8,Dragon Des 6,0xff1ba5f5,28000151,36220,72,The Avanger$
72,#YRPYPGYYG,QLS|ToPeR 🖤,0xfff05637,28000134,36095,73,THE KINGS
73,#PQ2G8RCG,[ПОТ]milkis,0xffa2e3fe,28000218,36046,74,
74,#9VRCC9CG8,BOD|ClsQ1Zz🥀,0xffa2e3fe,28000305,36001,75,BRAWL OF DASH
75,#QVC9C82R,Random is trash,0xffffffff,28000010,35948,76,
76,#9GPGUG0RG,master7u7,0xffa2e3fe,28000348,35910,77,La hermandad 😎
77,#892YLQRJV,ЕНГО,0xffffffff,28000023,35902,78,
78,#LRQJRPJ8,саша,0xffff8afb,28000141,35858,79,popa tika heheh
79,#8U0VJQQUL,MoTh,0xffcb5aff,28000333,35828,80,КЛАН МОРТИСОВ🦇
80,#PLUQY9VP,Daniel,0xffcb5aff,28000273,35703,81,nie lubię 60
81,#208U2RVRL,NohD|Fluffu☔,0xffffffff,28000132,35594,82,
82,#PRLY9QYJV,коликционер,0xfff05637,28000335,35544,83,СИГМАЧКИ
83,#90GPU8929,[БЛЕТ]паша,0xffff9727,28000248,35495,84,surge god
84,#28G08UP9J,[x1] ALiM0nE_gT,0xffa2e3fe,28000305,35318,85,FWA|BY OLESHKO
85,#8UP22QJQJ,Snoxx❤️‍🩹Nono,0xffffffff,28000026,35232,86,
86,#29LUCPLQP,(ban) Garri,0xffff9727,28000265,35229,87,✨Players✨
87,#RYJYQP92,boose,0xfff05637,28000352,35186,88,Mangoz_Gamerz
88,#8PPGLG8QU,PRO ГАЙ3,0xfff9c908,28000156,35161,89,
89,#9RJQQVJG0,PXL,0xff4ddba2,28000173,35149,90,
90,#8RRC2G22P,☂️|ｓ ｍ ａｉｎｅ,0xffffffff,28000136,35000,91,fateful❤️‍🔥
91,#2LR0J2Q2G,[ммм]ПоМиДоРкА,0xffcb5aff,28000333,34867,92,USB
92,#P2RLJ8R20,ЛЕОН,0xffffffff,28000182,34661,93,Penny's Club
93,#2C9YYVUC9,pro pro pro,0xffa2e3fe,28000277,34646,94,les fouteux
94,#2JPRLUR,Theland,0xfff05637,28000272,34505,95,snipo
95,#2CVPCQR8V,minus,0xfff9775d,28000139,34491,96,GKS |e-sports
96,#YJ9Q2YPQC,[Бан]Робзи,0xff1ba5f5,28000179,34491,97,⛩️sʜﾑʀᴋ ⛩️
97,#80PLYG9GJ,ЧИТЕР777,0xffff9727,28000319,34420,98,беброчка🤤🤗
98,#99LGQ9VJP,[LN]LuNaTiK🔥,0xfff05637,28000087,34405,99,Dark Ghost
99,#PYCGPUR28,8_bit,0xfff05637,28000332,34392,100,firs class
100,#8VC0208P9,You GG |Aipixel,0xffa8e132,28000132,34384,101,E|G elk
101,#PYYQVYL9C,QLŠ|TOP,0xff1ba5f5,28000175,34328,102,
102,#22Q0PR8RV,1-й бот,0xfff9c908,28000280,34211,103,банда кроу
103,#Y28JPPYLQ,THE SHADOW,0xffcb5aff,28000347,34130,104,killers SD
104,#9YUCQQYCY,BLACK CAT,0xffa8e132,28000169,34084,105,Футбол
105,#PQJ8RR2GQ,Гари Поттер,0xffffffff,28000281,34025,106,Zaus
106,#2CJ0PU,MK | Maker,0xffffffff,28000000,34025,107,Дымбрыл
107,#89C8CPRJ9,DS|WosZツ,0xfff05637,28000023,33969,108,Poco Coco
108,#PQCPL2RY2,dibala 5,0xffa8e132,28000016,33940,109,ОЛД КЛУБ
109,#9PVGJVRC,Brawl Erks,0xffa2e3fe,28000228,33924,110,
110,#90GVJJUCJ,БебраНюх228,0xff1ba5f5,28000229,33865,111,Sebiryak
111,#L029YLYUJ,СПАЙК,0xffcb5aff,28000097,33849,112,ⓝⓘⓒⓚ ⓑⓛⓘⓝⓖ
112,#JVQ8VYQL,Кошечка,0xffcb5aff,28000315,33832,113,sasha228
113,#PYRC8P82V,лег,0xffa2e3fe,28000016,33831,114,кактус:!!!
114,#8URV00GYG,qqqa (Mateu),0xff1ba5f5,28000282,33817,115,Sant Rafel😷😇
115,#PQQQV2C0,SCA|Akeno🥵,0xfff05637,28000255,33812,116,
116,#9GUPPU9LG,TRX|Shiba,0xfff9c908,28000128,33673,117,TRAXION
117,#8Y0PCVR92,па 47,0xffff8afb,28000107,33639,118,яем какашке
118,#8LC9J2YR0,слава,0xffa2e3fe,28000182,33609,119,Brawl n' Pirate
119,#8CQCQUP2Y,TOP/RiM🎮,0xffcb5aff,28000156,33446,120,
120,#Y0YL2P888,AMBER,0xffa2e3fe,28000156,33422,121,Legends 🔥
121,#9LCQYJRVU,supperskorp,0xffffce89,28000169,33403,122,Autisters
122,#PUUU8G0U0,Tʜᴇ|Tᴡɪsᴛᴇʀシ︎,0xffffffff,28000175,33400,123,
123,#QC0CPL2JP,RW|Erͥinͣgͫ🕊️,0xffcb5aff,28000303,33372,124,THE TITANS CLUB
124,#8UC9JU2C8,[БЛЕТ]АРТЁМ,0xffcb5aff,28000125,33361,125,Night Watch PL
125,#9CQ0GG9YP,QLS|TOXIC🤫,0xfff05637,28000143,33311,126,
126,#QG80202C,Старейшина,0xfff9775d,28000165,33208,127,
127,#8RLVU2YL9,ромчик,0xffcb5aff,28000290,33144,128,°•тайный союз•°
128,#8CR9GR9Q9,Боец,0xffcb5aff,28000189,33111,129,SHPANISQUAD
129,#2LVYRCUVV,FS|QOI,0xfff05637,28000245,33085,130,Rocks Pirates
130,#229GGJLJ9,БАН blackплащ,0xfff05637,28000132,33077,131,БАНДА ОГУРЧЕКОВ
131,#YYRCY8Y2G,bestgore. com,0xffcb5aff,28000141,33069,132,
132,#9Y99L82JC,БАН PUBG,0xfff9c908,28000174,33051,133,[🎀]
133,#90LQ0092C,alvar pro,0xff4ddba2,28000305,33045,134,Los Gamers
134,#2R2J9LY9U,HAKER,0xff1ba5f5,28000168,32990,135,jojofan
135,#8P0C8JR98,jj,0xffcb5aff,28000033,32901,136,
136,#LRRP8QPJL,Гамлет стрелял,0xfff9c908,28000132,32834,137,"""ЧВК Кабипара"""
137,#9LYJYYG0C,сава,0xffff8afb,28000332,32818,138,топовые кактусы
138,#92YQJ2QGU,ZoiberGG,0xffa2e3fe,28000132,32813,139,SLW TEAM
139,#PR9CLVY2,банчи,0xffffffff,28000058,32759,140,Булькинсы
140,#2VRPPR8J8,Grek,0xffff8afb,28000228,32757,141,
141,#8UYJLCQG0,🐔[LP]POJLAN🐔,0xfff9c908,28000341,32751,142,🔥xTyeep🔥
142,#J0G90UUG,MAmaljvka99,0xfff9c908,28000341,32742,143,Mystic Lion
143,#9P980P0CC,hasan145325,0xff1ba5f5,28000137,32737,144,<c8>Kronos</c>
144,#YY9P8CRLQ,Амирка696,0xffa2e3fe,28000265,32715,145,карим
145,#2RY82LU08,TRM|Pozitiv🦇,0xffa2e3fe,28000305,32695,146,GIGA_Koxy💪
146,#P2CL9RGV8,Джин,0xffff8afb,28000016,32679,147,team kut@ski
147,#Y9GQ88G,Hi YT,0xffcb5aff,28000294,32642,148,ピンクスパイダー
148,#LPVYC9YVP,(БЛЕК) Den,0xffffffff,28000139,32623,149,MO TEAM
149,#29QR9QVV0,Добрый,0xff1ba5f5,28000274,32619,150,Polak.pl
150,#P9VJPUPJC,🤑Skyler☠️,0xffffffff,28000156,32611,151,ДИС
151,#8P8C9QURQ,чужой 13,0xff1ba5f5,28000077,32600,152,
152,#92UC8GRG,рыцарь,0xfff05637,28000267,32598,153,PeePee Bois
153,#908VYGV9Q,старейшина,0xffa2e3fe,28000304,32573,154,Big Brains 🧠
154,#9GRV0GPCU,•●HS|HаrDîk☯︎•★,0xffa8e132,28000169,32559,155,Dungeon Masters
155,#2LYRYRRPQ,BS | Semen4ik,0xffff9727,28000165,32527,156,наху0898
156,#9G28G802U,Мейцергард,0xff4ddba2,28000294,32515,157,𝕮𝖔𝖝𝖑𝖔𝖓𝖌
157,#PVRPLJUQ,mortys,0xffcb5aff,28000135,32495,158,<c9>друзья</c>
158,#2QQ982U8Q,zeLEboBA,0xffcb5aff,28000008,32456,159,
159,#9VU9U0U0Y,꧁☠GнσรT☯R¡dεR☠꧂,0xffcb5aff,28000305,32406,160,Санжеевы
160,#2G2RG2GJY,[CL]Clowney,0xfff9c908,28000231,32363,161,GameHouseBS
161,#8U2GPCLV,MQ|Pablo🙋🇩🇪,0xffffffff,28000023,32346,162,
162,#9CQ9Q9PRV,BIC | venoM🐣🥀,0xffffce89,28000061,32307,163,Ben Igor CLUB
163,#9LU89L20J,Dangerous Age,0xfff05637,28000275,32296,164,SPAUN
164,#P2YL080JQ,мишаня,0xffff8afb,28000156,32294,165,©DARK_NETT®™
165,#20UJRVRRU,[Блет] Нубик,0xffff8afb,28000000,32285,166,Mk|Maeker🌆
166,#20VRP0L8L,coloda 008,0xfff05637,28000222,32263,167,
167,#PCRP90VU2,HİLLECİ 777,0xffffffff,28000296,32258,168,KIZIL EJDERHA🌔
168,#2QJRR29JP,⚽AiVY❄️,0xffcb5aff,28000039,32188,169,moor_pytin
169,#LYLJ8Y0J9,😀🐯,0xffcb5aff,28000255,32178,170,Рады Всем
170,#990LCYCJJ,LORYproGamer,0xff4ddba2,28000335,32147,171,
171,#92P9CUGRQ,chupapi,0xffa8e132,28000049,32146,172,Я люблю Олю❤
172,#UG0J2L28,котлетос,0xffcb5aff,28000272,32125,173,Groove ST
173,#YLGJLL9YY,Алимхан,0xffa2e3fe,28000023,32073,174,🎮Play|Team💥
174,#PPGR0J9U2,lishalashka:тт,0xfff9775d,28000113,32069,175,
175,#8LURYRVQY,MM|SQuadz 💔,0xffffffff,28000202,32047,176,STRAY KIDS
176,#8CR2YCG28,GavR,0xffa8e132,28000058,31979,177,volvostars
177,#8LY2GU20G,донатер,0xffffffff,28000310,31962,178,ворон
178,#PV80CGPJC,(БАН) профи,0xfff9c908,28000223,31940,179,Brawl Kings
179,#8LG8CC8V,Snow🌕❄️,0xffa8e132,28000293,31892,180,
180,#9LR0Q2C,Asmodeus,0xffffffff,28000079,31890,181,Tropical Orbit
181,#LLLGCY0Q,👻아구몬👻,0xfff9c908,28000247,31841,182,DUKSAN§
182,#P8R0YRJQQ,💖KAR TANESİ 💖,0xffcb5aff,28000085,31811,183,<c6>Eternal</c>
183,#LUJ0U9QY,❄️iceMortis❄️,0xff1ba5f5,28000310,31799,184,Supremos 88
184,#P09GYCJQ2,[жмых] ЧУПИК,0xffcb5aff,28000348,31706,185,Krement’s🕊️
185,#GPUPQ8VP,brawl,0xffffffff,28000175,31695,186,SickNessess🦾
186,#CJ0VLC9,ОНРО,0xfff9c908,28000266,31681,187,к.т.п.м
187,#PPCPGPYJY,🌪₮ØɌ₦₳ƉØ🌪,0xffcb5aff,28000156,31680,188,road to 50k
188,#82JGC8R28,artem2010,0xffcb5aff,28000125,31647,189,
189,#V909809P,Леон,0xfff9c908,28000132,31639,190,
190,#2VRQGV2J8,Кирилл про,0xfff05637,28000267,31625,191,Сойка
191,#8PPLYQYC8,zuzuTV_,0xffcb5aff,28000162,31577,192,Swag Like OHO
192,#8889LVYJ,JorGi,0xffcb5aff,28000079,31576,193,COVIIID 19-CA2
193,#P2VPVR9PP,SERGEY,0xffa2e3fe,28000248,31556,194,kifranц
194,#88YLGR8J,[БЛEТ]j4cer__,0xffcb5aff,28000310,31550,195,1frikandel
195,#8JU20VJ9V,сергей,0xff1ba5f5,28000249,31540,196,motion 💫
196,#PQ0Y0U0RL,🌪₮ØɌ₦₳ƉØ🌪,0xffcb5aff,28000228,31503,197,
197,#YU0J9C2GY,Матвей,0xffcb5aff,28000274,31500,198,AllahBOG
198,#80VQQ9088,Самир,0xffffffff,28000155,31488,199,Polar Wolves
199,#LY8GGRCCR,УЛУГБЕК ПРО,0xffa8e132,28000132,31485,200,IMMORTAL👑
